PRAGMA foreign_keys=OFF;
BEGIN TRANSACTION;
CREATE TABLE IF NOT EXISTS "django_migrations" ("id" integer NOT NULL PRIMARY KEY AUTOINCREMENT, "app" varchar(255) NOT NULL, "name" varchar(255) NOT NULL, "applied" datetime NOT NULL);
INSERT INTO django_migrations VALUES(1,'contenttypes','0001_initial','2021-05-08 17:30:22.907131');
INSERT INTO django_migrations VALUES(2,'contenttypes','0002_remove_content_type_name','2021-05-08 17:30:23.070853');
INSERT INTO django_migrations VALUES(3,'auth','0001_initial','2021-05-08 17:30:23.354842');
INSERT INTO django_migrations VALUES(4,'auth','0002_alter_permission_name_max_length','2021-05-08 17:30:23.516726');
INSERT INTO django_migrations VALUES(5,'auth','0003_alter_user_email_max_length','2021-05-08 17:30:23.677589');
INSERT INTO django_migrations VALUES(6,'auth','0004_alter_user_username_opts','2021-05-08 17:30:23.826559');
INSERT INTO django_migrations VALUES(7,'auth','0005_alter_user_last_login_null','2021-05-08 17:30:23.951031');
INSERT INTO django_migrations VALUES(8,'auth','0006_require_contenttypes_0002','2021-05-08 17:30:24.097074');
INSERT INTO django_migrations VALUES(9,'auth','0007_alter_validators_add_error_messages','2021-05-08 17:30:24.226154');
INSERT INTO django_migrations VALUES(10,'auth','0008_alter_user_username_max_length','2021-05-08 17:30:24.376908');
INSERT INTO django_migrations VALUES(11,'auth','0009_alter_user_last_name_max_length','2021-05-08 17:30:24.517943');
INSERT INTO django_migrations VALUES(12,'auth','0010_alter_group_name_max_length','2021-05-08 17:30:24.671082');
INSERT INTO django_migrations VALUES(13,'auth','0011_update_proxy_permissions','2021-05-08 17:30:24.834243');
INSERT INTO django_migrations VALUES(14,'auth','0012_alter_user_first_name_max_length','2021-05-08 17:30:24.975759');
INSERT INTO django_migrations VALUES(15,'user','0001_initial','2021-05-08 17:30:25.245893');
INSERT INTO django_migrations VALUES(16,'admin','0001_initial','2021-05-08 17:30:25.529937');
INSERT INTO django_migrations VALUES(17,'admin','0002_logentry_remove_auto_add','2021-05-08 17:30:25.700224');
INSERT INTO django_migrations VALUES(18,'admin','0003_logentry_add_action_flag_choices','2021-05-08 17:30:25.869168');
INSERT INTO django_migrations VALUES(19,'monitor','0001_initial','2021-05-08 17:30:26.029387');
INSERT INTO django_migrations VALUES(20,'sessions','0001_initial','2021-05-08 17:30:26.313383');
INSERT INTO django_migrations VALUES(21,'controller','0001_initial','2021-05-13 13:46:28.466763');
INSERT INTO django_migrations VALUES(22,'controller','0002_auto_20210513_2200','2021-05-13 14:00:34.629300');
INSERT INTO django_migrations VALUES(23,'controller','0003_auto_20210514_0929','2021-05-14 01:32:07.212037');
INSERT INTO django_migrations VALUES(24,'controller','0004_auto_20210514_1408','2021-05-14 06:08:41.256917');
INSERT INTO django_migrations VALUES(25,'controller','0005_thresholdcontrol_device','2021-05-14 06:24:17.898719');
INSERT INTO django_migrations VALUES(26,'forum','0001_initial','2021-05-14 09:12:16.320941');
CREATE TABLE IF NOT EXISTS "django_content_type" ("id" integer NOT NULL PRIMARY KEY AUTOINCREMENT, "app_label" varchar(100) NOT NULL, "model" varchar(100) NOT NULL);
INSERT INTO django_content_type VALUES(1,'admin','logentry');
INSERT INTO django_content_type VALUES(2,'auth','permission');
INSERT INTO django_content_type VALUES(3,'auth','group');
INSERT INTO django_content_type VALUES(4,'contenttypes','contenttype');
INSERT INTO django_content_type VALUES(5,'sessions','session');
INSERT INTO django_content_type VALUES(6,'monitor','device');
INSERT INTO django_content_type VALUES(7,'monitor','devicecategory');
INSERT INTO django_content_type VALUES(8,'monitor','environmentindicator');
INSERT INTO django_content_type VALUES(9,'monitor','greenhouse');
INSERT INTO django_content_type VALUES(10,'monitor','environmentdata');
INSERT INTO django_content_type VALUES(11,'user','useraccount');
INSERT INTO django_content_type VALUES(12,'controller','controlhistory');
INSERT INTO django_content_type VALUES(13,'controller','thresholdcontrol');
INSERT INTO django_content_type VALUES(14,'controller','bookcontrol');
INSERT INTO django_content_type VALUES(15,'controller','timercontrol');
INSERT INTO django_content_type VALUES(16,'controller','devicecontrol');
INSERT INTO django_content_type VALUES(17,'controller','deviceorder');
INSERT INTO django_content_type VALUES(18,'forum','banner');
INSERT INTO django_content_type VALUES(19,'forum','category');
INSERT INTO django_content_type VALUES(20,'forum','tui');
INSERT INTO django_content_type VALUES(21,'forum','comment');
INSERT INTO django_content_type VALUES(22,'forum','tag');
INSERT INTO django_content_type VALUES(23,'forum','article');
CREATE TABLE IF NOT EXISTS "auth_group_permissions" ("id" integer NOT NULL PRIMARY KEY AUTOINCREMENT, "group_id" integer NOT NULL REFERENCES "auth_group" ("id") DEFERRABLE INITIALLY DEFERRED, "permission_id" integer NOT NULL REFERENCES "auth_permission" ("id") DEFERRABLE INITIALLY DEFERRED);
CREATE TABLE IF NOT EXISTS "auth_permission" ("id" integer NOT NULL PRIMARY KEY AUTOINCREMENT, "content_type_id" integer NOT NULL REFERENCES "django_content_type" ("id") DEFERRABLE INITIALLY DEFERRED, "codename" varchar(100) NOT NULL, "name" varchar(255) NOT NULL);
INSERT INTO auth_permission VALUES(1,1,'add_logentry','Can add log entry');
INSERT INTO auth_permission VALUES(2,1,'change_logentry','Can change log entry');
INSERT INTO auth_permission VALUES(3,1,'delete_logentry','Can delete log entry');
INSERT INTO auth_permission VALUES(4,1,'view_logentry','Can view log entry');
INSERT INTO auth_permission VALUES(5,2,'add_permission','Can add permission');
INSERT INTO auth_permission VALUES(6,2,'change_permission','Can change permission');
INSERT INTO auth_permission VALUES(7,2,'delete_permission','Can delete permission');
INSERT INTO auth_permission VALUES(8,2,'view_permission','Can view permission');
INSERT INTO auth_permission VALUES(9,3,'add_group','Can add group');
INSERT INTO auth_permission VALUES(10,3,'change_group','Can change group');
INSERT INTO auth_permission VALUES(11,3,'delete_group','Can delete group');
INSERT INTO auth_permission VALUES(12,3,'view_group','Can view group');
INSERT INTO auth_permission VALUES(13,4,'add_contenttype','Can add content type');
INSERT INTO auth_permission VALUES(14,4,'change_contenttype','Can change content type');
INSERT INTO auth_permission VALUES(15,4,'delete_contenttype','Can delete content type');
INSERT INTO auth_permission VALUES(16,4,'view_contenttype','Can view content type');
INSERT INTO auth_permission VALUES(17,5,'add_session','Can add session');
INSERT INTO auth_permission VALUES(18,5,'change_session','Can change session');
INSERT INTO auth_permission VALUES(19,5,'delete_session','Can delete session');
INSERT INTO auth_permission VALUES(20,5,'view_session','Can view session');
INSERT INTO auth_permission VALUES(21,6,'add_device','Can add 设备');
INSERT INTO auth_permission VALUES(22,6,'change_device','Can change 设备');
INSERT INTO auth_permission VALUES(23,6,'delete_device','Can delete 设备');
INSERT INTO auth_permission VALUES(24,6,'view_device','Can view 设备');
INSERT INTO auth_permission VALUES(25,7,'add_devicecategory','Can add 设备分类');
INSERT INTO auth_permission VALUES(26,7,'change_devicecategory','Can change 设备分类');
INSERT INTO auth_permission VALUES(27,7,'delete_devicecategory','Can delete 设备分类');
INSERT INTO auth_permission VALUES(28,7,'view_devicecategory','Can view 设备分类');
INSERT INTO auth_permission VALUES(29,8,'add_environmentindicator','Can add 环境指标');
INSERT INTO auth_permission VALUES(30,8,'change_environmentindicator','Can change 环境指标');
INSERT INTO auth_permission VALUES(31,8,'delete_environmentindicator','Can delete 环境指标');
INSERT INTO auth_permission VALUES(32,8,'view_environmentindicator','Can view 环境指标');
INSERT INTO auth_permission VALUES(33,9,'add_greenhouse','Can add 大棚列表');
INSERT INTO auth_permission VALUES(34,9,'change_greenhouse','Can change 大棚列表');
INSERT INTO auth_permission VALUES(35,9,'delete_greenhouse','Can delete 大棚列表');
INSERT INTO auth_permission VALUES(36,9,'view_greenhouse','Can view 大棚列表');
INSERT INTO auth_permission VALUES(37,10,'add_environmentdata','Can add 环境数据');
INSERT INTO auth_permission VALUES(38,10,'change_environmentdata','Can change 环境数据');
INSERT INTO auth_permission VALUES(39,10,'delete_environmentdata','Can delete 环境数据');
INSERT INTO auth_permission VALUES(40,10,'view_environmentdata','Can view 环境数据');
INSERT INTO auth_permission VALUES(41,11,'add_useraccount','Can add 用户');
INSERT INTO auth_permission VALUES(42,11,'change_useraccount','Can change 用户');
INSERT INTO auth_permission VALUES(43,11,'delete_useraccount','Can delete 用户');
INSERT INTO auth_permission VALUES(44,11,'view_useraccount','Can view 用户');
INSERT INTO auth_permission VALUES(45,12,'add_controlhistory','Can add 设备命令表');
INSERT INTO auth_permission VALUES(46,12,'change_controlhistory','Can change 设备命令表');
INSERT INTO auth_permission VALUES(47,12,'delete_controlhistory','Can delete 设备命令表');
INSERT INTO auth_permission VALUES(48,12,'view_controlhistory','Can view 设备命令表');
INSERT INTO auth_permission VALUES(49,13,'add_thresholdcontrol','Can add 阈值控制表');
INSERT INTO auth_permission VALUES(50,13,'change_thresholdcontrol','Can change 阈值控制表');
INSERT INTO auth_permission VALUES(51,13,'delete_thresholdcontrol','Can delete 阈值控制表');
INSERT INTO auth_permission VALUES(52,13,'view_thresholdcontrol','Can view 阈值控制表');
INSERT INTO auth_permission VALUES(53,14,'add_bookcontrol','Can add 预约控制表');
INSERT INTO auth_permission VALUES(54,14,'change_bookcontrol','Can change 预约控制表');
INSERT INTO auth_permission VALUES(55,14,'delete_bookcontrol','Can delete 预约控制表');
INSERT INTO auth_permission VALUES(56,14,'view_bookcontrol','Can view 预约控制表');
INSERT INTO auth_permission VALUES(57,15,'add_timercontrol','Can add 定时控制表');
INSERT INTO auth_permission VALUES(58,15,'change_timercontrol','Can change 定时控制表');
INSERT INTO auth_permission VALUES(59,15,'delete_timercontrol','Can delete 定时控制表');
INSERT INTO auth_permission VALUES(60,15,'view_timercontrol','Can view 定时控制表');
INSERT INTO auth_permission VALUES(61,16,'add_devicecontrol','Can add 设备控制表');
INSERT INTO auth_permission VALUES(62,16,'change_devicecontrol','Can change 设备控制表');
INSERT INTO auth_permission VALUES(63,16,'delete_devicecontrol','Can delete 设备控制表');
INSERT INTO auth_permission VALUES(64,16,'view_devicecontrol','Can view 设备控制表');
INSERT INTO auth_permission VALUES(65,17,'add_deviceorder','Can add 设备指令表');
INSERT INTO auth_permission VALUES(66,17,'change_deviceorder','Can change 设备指令表');
INSERT INTO auth_permission VALUES(67,17,'delete_deviceorder','Can delete 设备指令表');
INSERT INTO auth_permission VALUES(68,17,'view_deviceorder','Can view 设备指令表');
INSERT INTO auth_permission VALUES(69,18,'add_banner','Can add 轮播图');
INSERT INTO auth_permission VALUES(70,18,'change_banner','Can change 轮播图');
INSERT INTO auth_permission VALUES(71,18,'delete_banner','Can delete 轮播图');
INSERT INTO auth_permission VALUES(72,18,'view_banner','Can view 轮播图');
INSERT INTO auth_permission VALUES(73,19,'add_category','Can add 文章分类');
INSERT INTO auth_permission VALUES(74,19,'change_category','Can change 文章分类');
INSERT INTO auth_permission VALUES(75,19,'delete_category','Can delete 文章分类');
INSERT INTO auth_permission VALUES(76,19,'view_category','Can view 文章分类');
INSERT INTO auth_permission VALUES(77,20,'add_tui','Can add 推荐位');
INSERT INTO auth_permission VALUES(78,20,'change_tui','Can change 推荐位');
INSERT INTO auth_permission VALUES(79,20,'delete_tui','Can delete 推荐位');
INSERT INTO auth_permission VALUES(80,20,'view_tui','Can view 推荐位');
INSERT INTO auth_permission VALUES(81,21,'add_comment','Can add 评论');
INSERT INTO auth_permission VALUES(82,21,'change_comment','Can change 评论');
INSERT INTO auth_permission VALUES(83,21,'delete_comment','Can delete 评论');
INSERT INTO auth_permission VALUES(84,21,'view_comment','Can view 评论');
INSERT INTO auth_permission VALUES(85,22,'add_tag','Can add 文章标签');
INSERT INTO auth_permission VALUES(86,22,'change_tag','Can change 文章标签');
INSERT INTO auth_permission VALUES(87,22,'delete_tag','Can delete 文章标签');
INSERT INTO auth_permission VALUES(88,22,'view_tag','Can view 文章标签');
INSERT INTO auth_permission VALUES(89,23,'add_article','Can add 文章');
INSERT INTO auth_permission VALUES(90,23,'change_article','Can change 文章');
INSERT INTO auth_permission VALUES(91,23,'delete_article','Can delete 文章');
INSERT INTO auth_permission VALUES(92,23,'view_article','Can view 文章');
CREATE TABLE IF NOT EXISTS "auth_group" ("id" integer NOT NULL PRIMARY KEY AUTOINCREMENT, "name" varchar(150) NOT NULL UNIQUE);
CREATE TABLE IF NOT EXISTS "user_useraccount" ("id" integer NOT NULL PRIMARY KEY AUTOINCREMENT, "password" varchar(128) NOT NULL, "last_login" datetime NULL, "is_superuser" bool NOT NULL, "username" varchar(150) NOT NULL UNIQUE, "first_name" varchar(150) NOT NULL, "last_name" varchar(150) NOT NULL, "email" varchar(254) NOT NULL, "is_staff" bool NOT NULL, "is_active" bool NOT NULL, "date_joined" datetime NOT NULL, "address" varchar(30) NOT NULL, "phone" varchar(11) NOT NULL, "avatar" varchar(100) NOT NULL);
INSERT INTO user_useraccount VALUES(1,'pbkdf2_sha256$260000$tyvYSVFIcaYr0opAvnanDK$nTeZwzUE6YZHA2IVM9KzojYKtL37Zf7s5FNFbsyN+pU=','2021-05-11 07:19:36.718096',0,'xugang','','','',0,1,'2021-05-08 17:56:37.388938','上海','18532553115','');
INSERT INTO user_useraccount VALUES(2,'pbkdf2_sha256$260000$y9GyyfFRoZ9S5VZTA2C0tC$Nwepqn2t1jpME3RsFbT8X1pAlSn7KNHR0IdQQ3poxKI=','2021-05-10 09:30:57.758584',0,'potato','','','33@qq.com',0,1,'2021-05-08 18:35:19.516919','上海','15761634353','');
INSERT INTO user_useraccount VALUES(3,'pbkdf2_sha256$260000$6rYvS2oRbv6aarYh79Fkjl$jlXPTXfBH5mGrocKe6N3Nen30sKD1t5yYOkc4JxqDqs=','2021-05-10 09:31:28.258977',0,'lemonxug','','','',0,1,'2021-05-10 09:30:49.808234','','','');
INSERT INTO user_useraccount VALUES(4,'pbkdf2_sha256$260000$IC0rAF6W072U8dlt7cp5nz$BQqJ84MmPf0aHWpd1/hS+EDX1jW00pFHufY+wAgyBDA=','2021-05-15 04:31:14.080484',1,'admin','','','admin@2.com',1,1,'2021-05-14 05:47:32.067510','','','');
INSERT INTO user_useraccount VALUES(5,'pbkdf2_sha256$260000$TLEtak8dpkzlkswUehwhqm$mmeenpDngtGR3cXsKlJ0YjaBdBqtIX9kYzS/L+ggPMA=','2021-05-15 04:30:01.688641',0,'2438365','','','',0,1,'2021-05-15 04:29:51.421852','','','');
CREATE TABLE IF NOT EXISTS "user_useraccount_groups" ("id" integer NOT NULL PRIMARY KEY AUTOINCREMENT, "useraccount_id" bigint NOT NULL REFERENCES "user_useraccount" ("id") DEFERRABLE INITIALLY DEFERRED, "group_id" integer NOT NULL REFERENCES "auth_group" ("id") DEFERRABLE INITIALLY DEFERRED);
CREATE TABLE IF NOT EXISTS "user_useraccount_user_permissions" ("id" integer NOT NULL PRIMARY KEY AUTOINCREMENT, "useraccount_id" bigint NOT NULL REFERENCES "user_useraccount" ("id") DEFERRABLE INITIALLY DEFERRED, "permission_id" integer NOT NULL REFERENCES "auth_permission" ("id") DEFERRABLE INITIALLY DEFERRED);
CREATE TABLE IF NOT EXISTS "django_admin_log" ("id" integer NOT NULL PRIMARY KEY AUTOINCREMENT, "action_time" datetime NOT NULL, "object_id" text NULL, "object_repr" varchar(200) NOT NULL, "change_message" text NOT NULL, "content_type_id" integer NULL REFERENCES "django_content_type" ("id") DEFERRABLE INITIALLY DEFERRED, "user_id" bigint NOT NULL REFERENCES "user_useraccount" ("id") DEFERRABLE INITIALLY DEFERRED, "action_flag" smallint unsigned NOT NULL CHECK ("action_flag" >= 0));
INSERT INTO django_admin_log VALUES(1,'2021-05-14 06:28:27.464500','132','PH值-8.94','[{"changed": {"fields": ["\u8bb0\u5f55\u65f6\u95f4"]}}]',10,4,2);
INSERT INTO django_admin_log VALUES(2,'2021-05-14 09:35:16.479167','1','轮播一','[{"added": {}}]',18,4,1);
INSERT INTO django_admin_log VALUES(3,'2021-05-14 09:35:49.379099','2','轮播二','[{"added": {}}]',18,4,1);
INSERT INTO django_admin_log VALUES(4,'2021-05-14 09:36:03.778878','3','轮播三','[{"added": {}}]',18,4,1);
INSERT INTO django_admin_log VALUES(5,'2021-05-14 09:36:49.738092','1','智慧大棚','[{"added": {}}]',19,4,1);
INSERT INTO django_admin_log VALUES(6,'2021-05-14 09:37:03.231977','2','病害防治','[{"added": {}}]',19,4,1);
INSERT INTO django_admin_log VALUES(7,'2021-05-14 09:37:47.113981','1','农作物选择','[{"added": {}}]',22,4,1);
INSERT INTO django_admin_log VALUES(8,'2021-05-14 09:38:10.888550','2','种植经验','[{"added": {}}]',22,4,1);
INSERT INTO django_admin_log VALUES(9,'2021-05-14 09:41:08.606701','3','智慧大棚','[{"added": {}}]',22,4,1);
INSERT INTO django_admin_log VALUES(10,'2021-05-14 09:43:14.832474','1','推荐一','[{"added": {}}]',20,4,1);
INSERT INTO django_admin_log VALUES(11,'2021-05-14 09:43:19.542117','2','推荐二','[{"added": {}}]',20,4,1);
INSERT INTO django_admin_log VALUES(12,'2021-05-14 09:43:26.167923','1','【参赛作品】智慧大棚','[{"added": {}}]',23,4,1);
CREATE TABLE IF NOT EXISTS "monitor_devicecategory" ("id" integer NOT NULL PRIMARY KEY AUTOINCREMENT, "name" varchar(100) NOT NULL, "index" integer NOT NULL);
INSERT INTO monitor_devicecategory VALUES(1,'传感器',0);
INSERT INTO monitor_devicecategory VALUES(2,'通风天窗',0);
INSERT INTO monitor_devicecategory VALUES(3,'外遮阳',0);
INSERT INTO monitor_devicecategory VALUES(4,'通风机',0);
INSERT INTO monitor_devicecategory VALUES(5,'暖风机',0);
INSERT INTO monitor_devicecategory VALUES(6,'浇灌器',0);
INSERT INTO monitor_devicecategory VALUES(7,'补光灯',0);
INSERT INTO monitor_devicecategory VALUES(8,'补充CO2',0);
INSERT INTO monitor_devicecategory VALUES(9,'杀虫灯',0);
CREATE TABLE IF NOT EXISTS "monitor_environmentindicator" ("id" integer NOT NULL PRIMARY KEY AUTOINCREMENT, "name" varchar(100) NOT NULL);
INSERT INTO monitor_environmentindicator VALUES(1,'温度');
INSERT INTO monitor_environmentindicator VALUES(2,'湿度');
INSERT INTO monitor_environmentindicator VALUES(3,'CO2浓度');
INSERT INTO monitor_environmentindicator VALUES(4,'光照强度');
INSERT INTO monitor_environmentindicator VALUES(5,'土壤温度');
INSERT INTO monitor_environmentindicator VALUES(6,'土壤水分');
INSERT INTO monitor_environmentindicator VALUES(7,'PH值');
CREATE TABLE IF NOT EXISTS "monitor_greenhouse" ("id" integer NOT NULL PRIMARY KEY AUTOINCREMENT, "name" varchar(100) NOT NULL);
INSERT INTO monitor_greenhouse VALUES(1,'1号大棚');
INSERT INTO monitor_greenhouse VALUES(2,'2号大棚');
INSERT INTO monitor_greenhouse VALUES(3,'3号大棚');
INSERT INTO monitor_greenhouse VALUES(4,'4号大棚');
INSERT INTO monitor_greenhouse VALUES(5,'5号大棚');
INSERT INTO monitor_greenhouse VALUES(6,'6号大棚');
INSERT INTO monitor_greenhouse VALUES(7,'7号大棚');
INSERT INTO monitor_greenhouse VALUES(8,'8号大棚');
INSERT INTO monitor_greenhouse VALUES(9,'9号大棚');
CREATE TABLE IF NOT EXISTS "monitor_environmentdata" ("id" integer NOT NULL PRIMARY KEY AUTOINCREMENT, "value" decimal NOT NULL, "create_time" datetime NOT NULL, "device_id" bigint NULL REFERENCES "monitor_device" ("id") DEFERRABLE INITIALLY DEFERRED, "indicator_id" bigint NULL REFERENCES "monitor_environmentindicator" ("id") DEFERRABLE INITIALLY DEFERRED);
INSERT INTO monitor_environmentdata VALUES(1,21.82189288847680153,'2021-05-07 12:14:48',3,1);
INSERT INTO monitor_environmentdata VALUES(2,29.865891582413798488,'2021-05-07 12:14:48',4,1);
INSERT INTO monitor_environmentdata VALUES(3,33.162600087636500134,'2021-05-07 12:14:48',13,1);
INSERT INTO monitor_environmentdata VALUES(4,21.695806727857798179,'2021-05-07 12:14:48',14,1);
INSERT INTO monitor_environmentdata VALUES(5,27.316913525446602228,'2021-05-07 12:14:48',23,1);
INSERT INTO monitor_environmentdata VALUES(6,25.33458444244719665,'2021-05-07 12:14:48',24,1);
INSERT INTO monitor_environmentdata VALUES(7,29.940495964811200124,'2021-05-07 12:19:48',3,1);
INSERT INTO monitor_environmentdata VALUES(8,32.690870724346394737,'2021-05-07 12:19:48',4,1);
INSERT INTO monitor_environmentdata VALUES(9,26.066010781420700936,'2021-05-07 12:19:48',13,1);
INSERT INTO monitor_environmentdata VALUES(10,34.96327022259949846,'2021-05-07 12:19:48',14,1);
INSERT INTO monitor_environmentdata VALUES(11,22.048454203608001122,'2021-05-07 12:19:48',23,1);
INSERT INTO monitor_environmentdata VALUES(12,26.225332049665697198,'2021-05-07 12:19:48',24,1);
INSERT INTO monitor_environmentdata VALUES(13,22.841949524702900298,'2021-05-07 12:24:48',3,1);
INSERT INTO monitor_environmentdata VALUES(14,33.815050447164196611,'2021-05-07 12:24:48',4,1);
INSERT INTO monitor_environmentdata VALUES(15,22.734234379255200408,'2021-05-07 12:24:48',13,1);
INSERT INTO monitor_environmentdata VALUES(16,29.165512632652500712,'2021-05-07 12:24:48',14,1);
INSERT INTO monitor_environmentdata VALUES(17,25.793476458352997404,'2021-05-07 12:24:48',23,1);
INSERT INTO monitor_environmentdata VALUES(18,33.656993466191300612,'2021-05-07 12:24:48',24,1);
INSERT INTO monitor_environmentdata VALUES(19,26.030854849124600569,'2021-05-07 12:29:48',3,1);
INSERT INTO monitor_environmentdata VALUES(20,33.468423314326201101,'2021-05-07 12:29:48',4,1);
INSERT INTO monitor_environmentdata VALUES(21,32.182293221729096899,'2021-05-07 12:29:48',13,1);
INSERT INTO monitor_environmentdata VALUES(22,26.309915876446199334,'2021-05-07 12:29:48',14,1);
INSERT INTO monitor_environmentdata VALUES(23,31.188704541244200996,'2021-05-07 12:29:48',23,1);
INSERT INTO monitor_environmentdata VALUES(24,32.158663594855196876,'2021-05-07 12:29:48',24,1);
INSERT INTO monitor_environmentdata VALUES(25,28.658466426505802004,'2021-05-07 12:34:48',3,1);
INSERT INTO monitor_environmentdata VALUES(26,34.476877971850301562,'2021-05-07 12:34:48',4,1);
INSERT INTO monitor_environmentdata VALUES(27,30.887926049202798495,'2021-05-07 12:34:48',13,1);
INSERT INTO monitor_environmentdata VALUES(28,23.650310525444497855,'2021-05-07 12:34:48',14,1);
INSERT INTO monitor_environmentdata VALUES(29,22.229457734515301048,'2021-05-07 12:34:48',23,1);
INSERT INTO monitor_environmentdata VALUES(30,26.234032860861700164,'2021-05-07 12:34:48',24,1);
INSERT INTO monitor_environmentdata VALUES(31,15.104674367407699975,'2021-05-07 12:14:48',1,2);
INSERT INTO monitor_environmentdata VALUES(32,12.945353595168800353,'2021-05-07 12:14:48',2,2);
INSERT INTO monitor_environmentdata VALUES(33,13.312162609783400046,'2021-05-07 12:14:48',11,2);
INSERT INTO monitor_environmentdata VALUES(34,17.540176835175800285,'2021-05-07 12:14:48',12,2);
INSERT INTO monitor_environmentdata VALUES(35,17.517950307117800434,'2021-05-07 12:14:48',21,2);
INSERT INTO monitor_environmentdata VALUES(36,11.395234147292698789,'2021-05-07 12:14:48',22,2);
INSERT INTO monitor_environmentdata VALUES(37,14.248663059476700532,'2021-05-07 12:19:48',1,2);
INSERT INTO monitor_environmentdata VALUES(38,18.491906780381000885,'2021-05-07 12:19:48',2,2);
INSERT INTO monitor_environmentdata VALUES(39,17.976831807827200471,'2021-05-07 12:19:48',11,2);
INSERT INTO monitor_environmentdata VALUES(40,15.742231986835300006,'2021-05-07 12:19:48',12,2);
INSERT INTO monitor_environmentdata VALUES(41,17.193686614941299239,'2021-05-07 12:19:48',21,2);
INSERT INTO monitor_environmentdata VALUES(42,11.016935893475099383,'2021-05-07 12:19:48',22,2);
INSERT INTO monitor_environmentdata VALUES(43,11.972052438133400364,'2021-05-07 12:24:48',1,2);
INSERT INTO monitor_environmentdata VALUES(44,12.742271714951600714,'2021-05-07 12:24:48',2,2);
INSERT INTO monitor_environmentdata VALUES(45,19.23771923403829831,'2021-05-07 12:24:48',11,2);
INSERT INTO monitor_environmentdata VALUES(46,10.768396479878998839,'2021-05-07 12:24:48',12,2);
INSERT INTO monitor_environmentdata VALUES(47,20.569763456316501049,'2021-05-07 12:24:48',21,2);
INSERT INTO monitor_environmentdata VALUES(48,20.679064925525301177,'2021-05-07 12:24:48',22,2);
INSERT INTO monitor_environmentdata VALUES(49,16.610923953279801423,'2021-05-07 12:29:48',1,2);
INSERT INTO monitor_environmentdata VALUES(50,18.022684136871301774,'2021-05-07 12:29:48',2,2);
INSERT INTO monitor_environmentdata VALUES(51,20.027529599209699107,'2021-05-07 12:29:48',11,2);
INSERT INTO monitor_environmentdata VALUES(52,12.035055183460598993,'2021-05-07 12:29:48',12,2);
INSERT INTO monitor_environmentdata VALUES(53,16.978749368485002158,'2021-05-07 12:29:48',21,2);
INSERT INTO monitor_environmentdata VALUES(54,14.562458916910099304,'2021-05-07 12:29:48',22,2);
INSERT INTO monitor_environmentdata VALUES(55,17.653522920810498675,'2021-05-07 12:34:48',1,2);
INSERT INTO monitor_environmentdata VALUES(56,19.066566967296200374,'2021-05-07 12:34:48',2,2);
INSERT INTO monitor_environmentdata VALUES(57,19.363916951148301137,'2021-05-07 12:34:48',11,2);
INSERT INTO monitor_environmentdata VALUES(58,17.88278740384879839,'2021-05-07 12:34:48',12,2);
INSERT INTO monitor_environmentdata VALUES(59,16.164275252467299459,'2021-05-07 12:34:48',21,2);
INSERT INTO monitor_environmentdata VALUES(60,11.557786298431200755,'2021-05-07 12:34:48',22,2);
INSERT INTO monitor_environmentdata VALUES(61,584,'2021-05-07 12:14:48',5,3);
INSERT INTO monitor_environmentdata VALUES(62,579,'2021-05-07 12:14:48',15,3);
INSERT INTO monitor_environmentdata VALUES(63,602,'2021-05-07 12:14:48',25,3);
INSERT INTO monitor_environmentdata VALUES(64,691,'2021-05-07 12:24:48',5,3);
INSERT INTO monitor_environmentdata VALUES(65,632,'2021-05-07 12:24:48',15,3);
INSERT INTO monitor_environmentdata VALUES(66,644,'2021-05-07 12:24:48',25,3);
INSERT INTO monitor_environmentdata VALUES(67,523,'2021-05-07 12:34:48',5,3);
INSERT INTO monitor_environmentdata VALUES(68,572,'2021-05-07 12:34:48',15,3);
INSERT INTO monitor_environmentdata VALUES(69,558,'2021-05-07 12:34:48',25,3);
INSERT INTO monitor_environmentdata VALUES(70,49.862376084723800673,'2021-05-07 12:14:48',6,4);
INSERT INTO monitor_environmentdata VALUES(71,49.938731934877598206,'2021-05-07 12:14:48',16,4);
INSERT INTO monitor_environmentdata VALUES(72,47.908863996349904113,'2021-05-07 12:14:48',26,4);
INSERT INTO monitor_environmentdata VALUES(73,46.64516466261940053,'2021-05-07 12:24:48',6,4);
INSERT INTO monitor_environmentdata VALUES(74,46.331323300299498413,'2021-05-07 12:24:48',16,4);
INSERT INTO monitor_environmentdata VALUES(75,40.953767829451104276,'2021-05-07 12:24:48',26,4);
INSERT INTO monitor_environmentdata VALUES(76,40.488557451738902415,'2021-05-07 12:34:48',6,4);
INSERT INTO monitor_environmentdata VALUES(77,43.807000467875605309,'2021-05-07 12:34:48',16,4);
INSERT INTO monitor_environmentdata VALUES(78,43.163215476697605055,'2021-05-07 12:34:48',26,4);
INSERT INTO monitor_environmentdata VALUES(79,21.678989633473002562,'2021-05-07 12:14:48',31,5);
INSERT INTO monitor_environmentdata VALUES(80,20.250967801962298509,'2021-05-07 12:14:48',32,5);
INSERT INTO monitor_environmentdata VALUES(81,19.859775646081200051,'2021-05-07 12:14:48',33,5);
INSERT INTO monitor_environmentdata VALUES(82,19.090243970585099475,'2021-05-07 12:14:48',34,5);
INSERT INTO monitor_environmentdata VALUES(83,19.824399407891199587,'2021-05-07 12:14:48',35,5);
INSERT INTO monitor_environmentdata VALUES(84,15.431780940539699287,'2021-05-07 12:14:48',36,5);
INSERT INTO monitor_environmentdata VALUES(85,21.009516041884799264,'2021-05-07 12:24:48',31,5);
INSERT INTO monitor_environmentdata VALUES(86,16.765025115246801057,'2021-05-07 12:24:48',32,5);
INSERT INTO monitor_environmentdata VALUES(87,15.5516726561011005,'2021-05-07 12:24:48',33,5);
INSERT INTO monitor_environmentdata VALUES(88,17.780951429566100863,'2021-05-07 12:24:48',34,5);
INSERT INTO monitor_environmentdata VALUES(89,23.698996702027099736,'2021-05-07 12:24:48',35,5);
INSERT INTO monitor_environmentdata VALUES(90,17.985312951323799701,'2021-05-07 12:24:48',36,5);
INSERT INTO monitor_environmentdata VALUES(91,25.873709762714200977,'2021-05-07 12:34:48',31,5);
INSERT INTO monitor_environmentdata VALUES(92,22.712470814265897089,'2021-05-07 12:34:48',32,5);
INSERT INTO monitor_environmentdata VALUES(93,24.371353802721897885,'2021-05-07 12:34:48',33,5);
INSERT INTO monitor_environmentdata VALUES(94,18.917242543984098546,'2021-05-07 12:34:48',34,5);
INSERT INTO monitor_environmentdata VALUES(95,15.314894562657499932,'2021-05-07 12:34:48',35,5);
INSERT INTO monitor_environmentdata VALUES(96,25.821946231639403279,'2021-05-07 12:34:48',36,5);
INSERT INTO monitor_environmentdata VALUES(97,8.8648668861658492801,'2021-05-07 12:14:48',7,6);
INSERT INTO monitor_environmentdata VALUES(98,9.4079753093486999659,'2021-05-07 12:14:48',8,6);
INSERT INTO monitor_environmentdata VALUES(99,9.0340736847065201686,'2021-05-07 12:14:48',17,6);
INSERT INTO monitor_environmentdata VALUES(100,5.3825960653684798984,'2021-05-07 12:14:48',18,6);
INSERT INTO monitor_environmentdata VALUES(101,5.2595632752024004119,'2021-05-07 12:14:48',27,6);
INSERT INTO monitor_environmentdata VALUES(102,10.670554276096999579,'2021-05-07 12:14:48',28,6);
INSERT INTO monitor_environmentdata VALUES(103,7.9655331396108097763,'2021-05-07 12:24:48',7,6);
INSERT INTO monitor_environmentdata VALUES(104,9.2552057086540795438,'2021-05-07 12:24:48',8,6);
INSERT INTO monitor_environmentdata VALUES(105,6.1936842037009798289,'2021-05-07 12:24:48',17,6);
INSERT INTO monitor_environmentdata VALUES(106,6.5182303400917298574,'2021-05-07 12:24:48',18,6);
INSERT INTO monitor_environmentdata VALUES(107,9.7084620534145198433,'2021-05-07 12:24:48',27,6);
INSERT INTO monitor_environmentdata VALUES(108,9.7168444193814700327,'2021-05-07 12:24:48',28,6);
INSERT INTO monitor_environmentdata VALUES(109,7.3480736582025301117,'2021-05-07 12:34:48',7,6);
INSERT INTO monitor_environmentdata VALUES(110,5.3258346593515195621,'2021-05-07 12:34:48',8,6);
INSERT INTO monitor_environmentdata VALUES(111,10.465708317930899617,'2021-05-07 12:34:48',17,6);
INSERT INTO monitor_environmentdata VALUES(112,6.925847328239229661,'2021-05-07 12:34:48',18,6);
INSERT INTO monitor_environmentdata VALUES(113,8.679548849201200511,'2021-05-07 12:34:48',27,6);
INSERT INTO monitor_environmentdata VALUES(114,6.9985287106392997102,'2021-05-07 12:34:48',28,6);
INSERT INTO monitor_environmentdata VALUES(115,7.7551895154836500978,'2021-05-07 12:14:48',9,7);
INSERT INTO monitor_environmentdata VALUES(116,10.58433559760409981,'2021-05-07 12:14:48',10,7);
INSERT INTO monitor_environmentdata VALUES(117,8.6970067975320599629,'2021-05-07 12:14:48',19,7);
INSERT INTO monitor_environmentdata VALUES(118,5.2074212267910002793,'2021-05-07 12:14:48',20,7);
INSERT INTO monitor_environmentdata VALUES(119,9.515563604115900631,'2021-05-07 12:14:48',29,7);
INSERT INTO monitor_environmentdata VALUES(120,6.8365263363145496455,'2021-05-07 12:14:48',30,7);
INSERT INTO monitor_environmentdata VALUES(121,8.6930471953964598696,'2021-05-07 12:24:48',9,7);
INSERT INTO monitor_environmentdata VALUES(122,6.1100346258324202963,'2021-05-07 12:24:48',10,7);
INSERT INTO monitor_environmentdata VALUES(123,5.8547438860572498242,'2021-05-07 12:24:48',19,7);
INSERT INTO monitor_environmentdata VALUES(124,10.279267603651900397,'2021-05-07 12:24:48',20,7);
INSERT INTO monitor_environmentdata VALUES(125,6.5439010919676503519,'2021-05-07 12:24:48',29,7);
INSERT INTO monitor_environmentdata VALUES(126,7.7909954279348996308,'2021-05-07 12:24:48',30,7);
INSERT INTO monitor_environmentdata VALUES(127,10.794703286901099481,'2021-05-07 12:34:48',9,7);
INSERT INTO monitor_environmentdata VALUES(128,8.8438346063783406236,'2021-05-07 12:34:48',10,7);
INSERT INTO monitor_environmentdata VALUES(129,10.944196165457700331,'2021-05-07 12:34:48',19,7);
INSERT INTO monitor_environmentdata VALUES(130,9.1263632307922293307,'2021-05-07 12:34:48',20,7);
INSERT INTO monitor_environmentdata VALUES(131,9.4707010275196292781,'2021-05-07 12:34:48',29,7);
INSERT INTO monitor_environmentdata VALUES(132,8.9399999999999995026,'2021-05-07 12:34:00',30,7);
CREATE TABLE IF NOT EXISTS "monitor_device" ("id" integer NOT NULL PRIMARY KEY AUTOINCREMENT, "name" varchar(100) NOT NULL, "location" varchar(100) NOT NULL, "status" varchar(100) NOT NULL, "is_active" bool NOT NULL, "category_id" bigint NULL REFERENCES "monitor_devicecategory" ("id") DEFERRABLE INITIALLY DEFERRED, "greenhouse_id" bigint NULL REFERENCES "monitor_greenhouse" ("id") DEFERRABLE INITIALLY DEFERRED);
INSERT INTO monitor_device VALUES(1,'大棚1-湿度1','1号大棚南','正常',1,1,1);
INSERT INTO monitor_device VALUES(2,'大棚1-湿度2','1号大棚北','正常',1,1,1);
INSERT INTO monitor_device VALUES(3,'大棚1-温度1','1号大棚南','正常',1,1,1);
INSERT INTO monitor_device VALUES(4,'大棚1-温度2','1号大棚北','正常',1,1,1);
INSERT INTO monitor_device VALUES(5,'大棚1-CO2','1号大棚中','正常',1,1,1);
INSERT INTO monitor_device VALUES(6,'大棚1-光照','1号大棚中','正常',1,1,1);
INSERT INTO monitor_device VALUES(7,'大棚1-土壤水分1','1号大棚南','正常',1,1,1);
INSERT INTO monitor_device VALUES(8,'大棚1-土壤水分2','1号大棚北','正常',1,1,1);
INSERT INTO monitor_device VALUES(9,'大棚1-PH1','1号大棚南','正常',1,1,1);
INSERT INTO monitor_device VALUES(10,'大棚1-PH2','1号大棚北','正常',1,1,1);
INSERT INTO monitor_device VALUES(11,'大棚2-湿度1','2号大棚南','正常',1,1,2);
INSERT INTO monitor_device VALUES(12,'大棚2-湿度2','2号大棚北','正常',1,1,2);
INSERT INTO monitor_device VALUES(13,'大棚2-温度1','2号大棚南','正常',1,1,2);
INSERT INTO monitor_device VALUES(14,'大棚2-温度2','2号大棚北','正常',1,1,2);
INSERT INTO monitor_device VALUES(15,'大棚2-CO2','2号大棚中','正常',1,1,2);
INSERT INTO monitor_device VALUES(16,'大棚2-光照','2号大棚中','正常',1,1,2);
INSERT INTO monitor_device VALUES(17,'大棚2-土壤水分1','2号大棚南','正常',1,1,2);
INSERT INTO monitor_device VALUES(18,'大棚2-土壤水分2','2号大棚北','正常',1,1,2);
INSERT INTO monitor_device VALUES(19,'大棚2-PH1','2号大棚南','正常',1,1,2);
INSERT INTO monitor_device VALUES(20,'大棚2-PH2','2号大棚北','正常',1,1,2);
INSERT INTO monitor_device VALUES(21,'大棚3-湿度1','3号大棚南','正常',1,1,3);
INSERT INTO monitor_device VALUES(22,'大棚3-湿度2','3号大棚北','正常',1,1,3);
INSERT INTO monitor_device VALUES(23,'大棚3-温度1','3号大棚南','正常',1,1,3);
INSERT INTO monitor_device VALUES(24,'大棚3-温度2','3号大棚北','正常',1,1,3);
INSERT INTO monitor_device VALUES(25,'大棚3-CO2','3号大棚中','正常',1,1,3);
INSERT INTO monitor_device VALUES(26,'大棚3-光照','3号大棚中','正常',1,1,3);
INSERT INTO monitor_device VALUES(27,'大棚3-土壤水分1','3号大棚南','正常',1,1,3);
INSERT INTO monitor_device VALUES(28,'大棚3-土壤水分2','3号大棚北','正常',1,1,3);
INSERT INTO monitor_device VALUES(29,'大棚3-PH1','3号大棚南','正常',1,1,3);
INSERT INTO monitor_device VALUES(30,'大棚3-PH2','3号大棚北','正常',1,1,3);
INSERT INTO monitor_device VALUES(31,'大棚1-土壤水分1','1号大棚南','正常',1,1,1);
INSERT INTO monitor_device VALUES(32,'大棚1-土壤水分2','1号大棚北','正常',1,1,1);
INSERT INTO monitor_device VALUES(33,'大棚2-土壤水分1','1号大棚南','正常',1,1,2);
INSERT INTO monitor_device VALUES(34,'大棚2-土壤水分2','1号大棚北','正常',1,1,2);
INSERT INTO monitor_device VALUES(35,'大棚3-土壤水分1','1号大棚南','正常',1,1,3);
INSERT INTO monitor_device VALUES(36,'大棚3-土壤水分2','1号大棚北','正常',1,1,3);
INSERT INTO monitor_device VALUES(37,'大棚1-通风天窗','1号大棚南','正常',1,2,1);
INSERT INTO monitor_device VALUES(38,'大棚1-外遮阳','1号大棚南','正常',1,3,1);
INSERT INTO monitor_device VALUES(39,'大棚1-通风机','1号大棚南','正常',1,4,1);
INSERT INTO monitor_device VALUES(40,'大棚1-暖风机','1号大棚南','正常',1,5,1);
INSERT INTO monitor_device VALUES(41,'大棚1-浇灌器','1号大棚南','正常',1,6,1);
INSERT INTO monitor_device VALUES(42,'大棚1-补光灯','1号大棚南','正常',1,7,1);
INSERT INTO monitor_device VALUES(43,'大棚1-补充CO2','1号大棚南','正常',1,8,1);
INSERT INTO monitor_device VALUES(44,'大棚1-杀虫灯','1号大棚南','正常',1,9,1);
INSERT INTO monitor_device VALUES(45,'大棚2-通风天窗','2号大棚南','正常',1,2,2);
INSERT INTO monitor_device VALUES(46,'大棚2-外遮阳','2号大棚南','正常',1,3,2);
INSERT INTO monitor_device VALUES(47,'大棚2-通风机','2号大棚南','正常',1,4,2);
INSERT INTO monitor_device VALUES(48,'大棚2-暖风机','2号大棚南','正常',1,5,2);
INSERT INTO monitor_device VALUES(49,'大棚2-浇灌器','2号大棚南','正常',1,6,2);
INSERT INTO monitor_device VALUES(50,'大棚2-补光灯','2号大棚南','正常',1,7,2);
INSERT INTO monitor_device VALUES(51,'大棚2-补充CO2','2号大棚南','正常',1,8,2);
INSERT INTO monitor_device VALUES(52,'大棚2-杀虫灯','2号大棚南','正常',1,9,2);
INSERT INTO monitor_device VALUES(53,'大棚3-通风天窗','3号大棚南','正常',1,2,3);
INSERT INTO monitor_device VALUES(54,'大棚3-外遮阳','3号大棚南','正常',1,3,3);
INSERT INTO monitor_device VALUES(55,'大棚3-通风机','3号大棚南','正常',1,4,3);
INSERT INTO monitor_device VALUES(56,'大棚3-暖风机','3号大棚南','正常',1,5,3);
INSERT INTO monitor_device VALUES(57,'大棚3-浇灌器','3号大棚南','正常',1,6,3);
INSERT INTO monitor_device VALUES(58,'大棚3-补光灯','3号大棚南','正常',1,7,3);
INSERT INTO monitor_device VALUES(59,'大棚3-补充CO2','3号大棚南','正常',1,8,3);
INSERT INTO monitor_device VALUES(60,'大棚3-杀虫灯','3号大棚南','正常',1,9,3);
CREATE TABLE IF NOT EXISTS "django_session" ("session_key" varchar(40) NOT NULL PRIMARY KEY, "session_data" text NOT NULL, "expire_date" datetime NOT NULL);
INSERT INTO django_session VALUES('d4yr7c47hc38s4i4tb6qjtf9o93ztwk0','.eJxVjMsOwiAQRf-FtSHAIA-X7vsNZGBAqgaS0q6M_65NutDtPefcFwu4rTVsIy9hJnZhmp1-t4jpkdsO6I7t1nnqbV3myHeFH3TwqVN-Xg_376DiqN86GucFGCzGExiVCJ0HnZRGRUJaW6B4RCkhmgzaQipnYUip5DA7JyR7fwDW0jdx:1lhlxK:BauK82G8RtwEy3Y9Hq0pTrP2k0jeNvQLFYj1UiCtfeE','2021-05-29 04:31:14.220914');
CREATE TABLE IF NOT EXISTS "controller_deviceorder" ("id" integer NOT NULL PRIMARY KEY AUTOINCREMENT, "name" varchar(100) NOT NULL, "path" varchar(100) NOT NULL, "parameter" varchar(100) NOT NULL, "device_id" bigint NULL REFERENCES "monitor_device" ("id") DEFERRABLE INITIALLY DEFERRED);
INSERT INTO controller_deviceorder VALUES(1,'启动','test','test',37);
INSERT INTO controller_deviceorder VALUES(2,'启动','test','test',38);
INSERT INTO controller_deviceorder VALUES(3,'启动','test','test',39);
INSERT INTO controller_deviceorder VALUES(4,'启动','test','test',40);
INSERT INTO controller_deviceorder VALUES(5,'启动','test','test',41);
INSERT INTO controller_deviceorder VALUES(6,'启动','test','test',42);
INSERT INTO controller_deviceorder VALUES(7,'启动','test','test',43);
INSERT INTO controller_deviceorder VALUES(8,'启动','test','test',44);
INSERT INTO controller_deviceorder VALUES(9,'停止','test','test',37);
INSERT INTO controller_deviceorder VALUES(10,'停止','test','test',38);
INSERT INTO controller_deviceorder VALUES(11,'停止','test','test',39);
INSERT INTO controller_deviceorder VALUES(12,'停止','test','test',40);
INSERT INTO controller_deviceorder VALUES(13,'停止','test','test',41);
INSERT INTO controller_deviceorder VALUES(14,'停止','test','test',42);
INSERT INTO controller_deviceorder VALUES(15,'停止','test','test',43);
INSERT INTO controller_deviceorder VALUES(16,'停止','test','test',44);
INSERT INTO controller_deviceorder VALUES(17,'关闭','test','test',37);
INSERT INTO controller_deviceorder VALUES(18,'关闭','test','test',38);
INSERT INTO controller_deviceorder VALUES(19,'关闭','test','test',39);
INSERT INTO controller_deviceorder VALUES(20,'关闭','test','test',40);
INSERT INTO controller_deviceorder VALUES(21,'关闭','test','test',41);
INSERT INTO controller_deviceorder VALUES(22,'关闭','test','test',42);
INSERT INTO controller_deviceorder VALUES(23,'关闭','test','test',43);
INSERT INTO controller_deviceorder VALUES(24,'关闭','test','test',44);
INSERT INTO controller_deviceorder VALUES(25,'启动','test','test',45);
INSERT INTO controller_deviceorder VALUES(26,'启动','test','test',46);
INSERT INTO controller_deviceorder VALUES(27,'启动','test','test',47);
INSERT INTO controller_deviceorder VALUES(28,'启动','test','test',48);
INSERT INTO controller_deviceorder VALUES(29,'启动','test','test',49);
INSERT INTO controller_deviceorder VALUES(30,'启动','test','test',50);
INSERT INTO controller_deviceorder VALUES(31,'启动','test','test',51);
INSERT INTO controller_deviceorder VALUES(32,'启动','test','test',52);
INSERT INTO controller_deviceorder VALUES(33,'停止','test','test',45);
INSERT INTO controller_deviceorder VALUES(34,'停止','test','test',46);
INSERT INTO controller_deviceorder VALUES(35,'停止','test','test',47);
INSERT INTO controller_deviceorder VALUES(36,'停止','test','test',48);
INSERT INTO controller_deviceorder VALUES(37,'停止','test','test',49);
INSERT INTO controller_deviceorder VALUES(38,'停止','test','test',50);
INSERT INTO controller_deviceorder VALUES(39,'停止','test','test',51);
INSERT INTO controller_deviceorder VALUES(40,'停止','test','test',52);
INSERT INTO controller_deviceorder VALUES(41,'关闭','test','test',45);
INSERT INTO controller_deviceorder VALUES(42,'关闭','test','test',46);
INSERT INTO controller_deviceorder VALUES(43,'关闭','test','test',47);
INSERT INTO controller_deviceorder VALUES(44,'关闭','test','test',48);
INSERT INTO controller_deviceorder VALUES(45,'关闭','test','test',49);
INSERT INTO controller_deviceorder VALUES(46,'关闭','test','test',50);
INSERT INTO controller_deviceorder VALUES(47,'关闭','test','test',51);
INSERT INTO controller_deviceorder VALUES(48,'关闭','test','test',52);
INSERT INTO controller_deviceorder VALUES(49,'启动','test','test',53);
INSERT INTO controller_deviceorder VALUES(50,'启动','test','test',54);
INSERT INTO controller_deviceorder VALUES(51,'启动','test','test',55);
INSERT INTO controller_deviceorder VALUES(52,'启动','test','test',56);
INSERT INTO controller_deviceorder VALUES(53,'启动','test','test',57);
INSERT INTO controller_deviceorder VALUES(54,'启动','test','test',58);
INSERT INTO controller_deviceorder VALUES(55,'启动','test','test',59);
INSERT INTO controller_deviceorder VALUES(56,'启动','test','test',60);
INSERT INTO controller_deviceorder VALUES(57,'停止','test','test',53);
INSERT INTO controller_deviceorder VALUES(58,'停止','test','test',54);
INSERT INTO controller_deviceorder VALUES(59,'停止','test','test',55);
INSERT INTO controller_deviceorder VALUES(60,'停止','test','test',56);
INSERT INTO controller_deviceorder VALUES(61,'停止','test','test',57);
INSERT INTO controller_deviceorder VALUES(62,'停止','test','test',58);
INSERT INTO controller_deviceorder VALUES(63,'停止','test','test',59);
INSERT INTO controller_deviceorder VALUES(64,'停止','test','test',60);
INSERT INTO controller_deviceorder VALUES(65,'关闭','test','test',53);
INSERT INTO controller_deviceorder VALUES(66,'关闭','test','test',54);
INSERT INTO controller_deviceorder VALUES(67,'关闭','test','test',55);
INSERT INTO controller_deviceorder VALUES(68,'关闭','test','test',56);
INSERT INTO controller_deviceorder VALUES(69,'关闭','test','test',57);
INSERT INTO controller_deviceorder VALUES(70,'关闭','test','test',58);
INSERT INTO controller_deviceorder VALUES(71,'关闭','test','test',59);
INSERT INTO controller_deviceorder VALUES(72,'关闭','test','test',60);
CREATE TABLE IF NOT EXISTS "controller_bookcontrol" ("id" integer NOT NULL PRIMARY KEY AUTOINCREMENT, "start_time" datetime NOT NULL, "stop_time" datetime NOT NULL, "device_id" bigint NULL REFERENCES "monitor_device" ("id") DEFERRABLE INITIALLY DEFERRED, "order_id" bigint NULL REFERENCES "controller_deviceorder" ("id") DEFERRABLE INITIALLY DEFERRED, "name" varchar(100) NOT NULL);
INSERT INTO controller_bookcontrol VALUES(1,'2021-05-07 02:00:00','2021-05-07 02:30:00',37,NULL,'预约控制计划1');
INSERT INTO controller_bookcontrol VALUES(2,'2021-05-07 02:00:00','2021-05-07 02:30:00',37,NULL,'预约控制计划1');
INSERT INTO controller_bookcontrol VALUES(3,'2021-05-07 02:00:00','2021-05-07 02:30:00',37,NULL,'预约控制计划1');
INSERT INTO controller_bookcontrol VALUES(4,'2021-05-07 02:00:00','2021-05-07 02:30:00',37,NULL,'预约控制计划1');
INSERT INTO controller_bookcontrol VALUES(5,'2021-05-07 02:00:00','2021-05-07 02:30:00',37,NULL,'预约控制计划1');
INSERT INTO controller_bookcontrol VALUES(6,'2021-05-07 02:00:00','2021-05-07 02:30:00',37,NULL,'预约控制计划1');
INSERT INTO controller_bookcontrol VALUES(7,'2021-05-07 02:00:00','2021-05-07 02:30:00',37,NULL,'预约控制计划1');
INSERT INTO controller_bookcontrol VALUES(8,'2021-05-07 02:00:00','2021-05-07 02:30:00',37,NULL,'预约控制计划1');
CREATE TABLE IF NOT EXISTS "controller_devicecontrol" ("id" integer NOT NULL PRIMARY KEY AUTOINCREMENT, "control_id" integer NULL, "device_id" bigint NULL REFERENCES "monitor_device" ("id") DEFERRABLE INITIALLY DEFERRED, "status" varchar(10) NOT NULL, "control_type" integer NOT NULL);
INSERT INTO controller_devicecontrol VALUES(1,1,37,'启动',1);
INSERT INTO controller_devicecontrol VALUES(2,2,38,'启动',2);
INSERT INTO controller_devicecontrol VALUES(3,3,39,'启动',3);
INSERT INTO controller_devicecontrol VALUES(4,4,40,'启动',4);
INSERT INTO controller_devicecontrol VALUES(5,5,41,'启动',1);
INSERT INTO controller_devicecontrol VALUES(6,6,42,'启动',2);
INSERT INTO controller_devicecontrol VALUES(7,7,43,'启动',3);
INSERT INTO controller_devicecontrol VALUES(8,8,44,'启动',4);
INSERT INTO controller_devicecontrol VALUES(9,9,45,'启动',1);
INSERT INTO controller_devicecontrol VALUES(10,10,46,'启动',2);
INSERT INTO controller_devicecontrol VALUES(11,11,47,'启动',3);
INSERT INTO controller_devicecontrol VALUES(12,12,48,'启动',4);
INSERT INTO controller_devicecontrol VALUES(13,13,49,'启动',1);
INSERT INTO controller_devicecontrol VALUES(14,14,50,'启动',2);
INSERT INTO controller_devicecontrol VALUES(15,15,51,'启动',3);
INSERT INTO controller_devicecontrol VALUES(16,16,52,'启动',4);
INSERT INTO controller_devicecontrol VALUES(17,17,53,'启动',1);
INSERT INTO controller_devicecontrol VALUES(18,18,54,'启动',2);
INSERT INTO controller_devicecontrol VALUES(19,19,55,'启动',3);
INSERT INTO controller_devicecontrol VALUES(20,20,56,'启动',4);
INSERT INTO controller_devicecontrol VALUES(21,21,57,'启动',1);
INSERT INTO controller_devicecontrol VALUES(22,22,58,'启动',2);
INSERT INTO controller_devicecontrol VALUES(23,23,59,'启动',3);
INSERT INTO controller_devicecontrol VALUES(24,24,60,'启动',4);
CREATE TABLE IF NOT EXISTS "controller_controlhistory" ("id" integer NOT NULL PRIMARY KEY AUTOINCREMENT, "control_type" integer NOT NULL, "device_id" bigint NULL REFERENCES "monitor_device" ("id") DEFERRABLE INITIALLY DEFERRED, "order_id" bigint NULL REFERENCES "controller_deviceorder" ("id") DEFERRABLE INITIALLY DEFERRED, "create_time" datetime NOT NULL);
INSERT INTO controller_controlhistory VALUES(1,1,37,1,'2021-05-14 02:24:15.155235');
INSERT INTO controller_controlhistory VALUES(2,1,37,1,'2021-05-14 02:35:46.741062');
INSERT INTO controller_controlhistory VALUES(3,1,37,1,'2021-05-14 02:36:15.985292');
CREATE TABLE IF NOT EXISTS "controller_timercontrol" ("id" integer NOT NULL PRIMARY KEY AUTOINCREMENT, "start_time" datetime NOT NULL, "stop_time" datetime NOT NULL, "device_id" bigint NULL REFERENCES "monitor_device" ("id") DEFERRABLE INITIALLY DEFERRED, "order_id" bigint NULL REFERENCES "controller_deviceorder" ("id") DEFERRABLE INITIALLY DEFERRED, "name" varchar(100) NOT NULL, "repeat_type" varchar(10) NOT NULL);
INSERT INTO controller_timercontrol VALUES(1,'2021-05-07 02:00:00','2021-05-07 02:30:00',37,NULL,'定时控制计划1','每天');
INSERT INTO controller_timercontrol VALUES(2,'2021-05-07 02:00:00','2021-05-07 02:30:00',37,NULL,'定时控制计划1','每天');
INSERT INTO controller_timercontrol VALUES(3,'2021-05-07 02:00:00','2021-05-07 02:30:00',37,NULL,'定时控制计划1','每天');
INSERT INTO controller_timercontrol VALUES(4,'2021-05-07 02:00:00','2021-05-07 02:30:00',37,NULL,'定时控制计划1','每天');
INSERT INTO controller_timercontrol VALUES(5,'2021-05-07 02:00:00','2021-05-07 02:30:00',37,NULL,'定时控制计划1','每天');
INSERT INTO controller_timercontrol VALUES(6,'2021-05-07 02:00:00','2021-05-07 02:30:00',37,NULL,'定时控制计划1','每天');
INSERT INTO controller_timercontrol VALUES(7,'2021-05-07 02:00:00','2021-05-07 02:30:00',37,NULL,'定时控制计划1','每天');
INSERT INTO controller_timercontrol VALUES(8,'2021-05-07 02:00:00','2021-05-07 02:30:00',37,NULL,'定时控制计划1','每天');
CREATE TABLE IF NOT EXISTS "controller_thresholdcontrol" ("id" integer NOT NULL PRIMARY KEY AUTOINCREMENT, "threshold" decimal NOT NULL, "indicator_id" bigint NULL REFERENCES "monitor_environmentindicator" ("id") DEFERRABLE INITIALLY DEFERRED, "order_id" bigint NULL REFERENCES "controller_deviceorder" ("id") DEFERRABLE INITIALLY DEFERRED, "name" varchar(100) NOT NULL, "device_id" bigint NULL REFERENCES "monitor_device" ("id") DEFERRABLE INITIALLY DEFERRED);
INSERT INTO controller_thresholdcontrol VALUES(1,25.499999999999998223,1,NULL,'温度控制计划1',37);
INSERT INTO controller_thresholdcontrol VALUES(2,25.499999999999998223,1,NULL,'温度控制计划1',37);
INSERT INTO controller_thresholdcontrol VALUES(3,25.499999999999998223,1,NULL,'温度控制计划1',37);
INSERT INTO controller_thresholdcontrol VALUES(4,25.499999999999998223,1,NULL,'温度控制计划1',37);
INSERT INTO controller_thresholdcontrol VALUES(5,25.499999999999998223,1,NULL,'温度控制计划1',37);
INSERT INTO controller_thresholdcontrol VALUES(6,25.499999999999998223,1,NULL,'温度控制计划1',37);
INSERT INTO controller_thresholdcontrol VALUES(7,25.499999999999998223,1,NULL,'温度控制计划1',37);
INSERT INTO controller_thresholdcontrol VALUES(8,25.499999999999998223,1,NULL,'温度控制计划1',37);
INSERT INTO controller_thresholdcontrol VALUES(9,25.499999999999998223,1,NULL,'温度控制计划1',37);
INSERT INTO controller_thresholdcontrol VALUES(10,25.499999999999998223,1,NULL,'温度控制计划1',37);
INSERT INTO controller_thresholdcontrol VALUES(11,25.499999999999998223,1,NULL,'温度控制计划1',37);
CREATE TABLE IF NOT EXISTS "forum_banner" ("id" integer NOT NULL PRIMARY KEY AUTOINCREMENT, "text_info" varchar(50) NOT NULL, "img" varchar(100) NOT NULL, "link_url" varchar(100) NOT NULL, "is_active" bool NOT NULL);
INSERT INTO forum_banner VALUES(1,'轮播一','banner/2345_image_file_copy_7.jpg','http://127.0.0.1:8000/',1);
INSERT INTO forum_banner VALUES(2,'轮播二','banner/2345_image_file_copy_9.jpg','http://127.0.0.1:8000/',1);
INSERT INTO forum_banner VALUES(3,'轮播三','banner/2345_image_file_copy_10.jpg','http://127.0.0.1:8000/',0);
CREATE TABLE IF NOT EXISTS "forum_category" ("id" integer NOT NULL PRIMARY KEY AUTOINCREMENT, "name" varchar(100) NOT NULL, "index" integer NOT NULL);
INSERT INTO forum_category VALUES(1,'智慧大棚',999);
INSERT INTO forum_category VALUES(2,'病害防治',999);
CREATE TABLE IF NOT EXISTS "forum_tag" ("id" integer NOT NULL PRIMARY KEY AUTOINCREMENT, "name" varchar(100) NOT NULL);
INSERT INTO forum_tag VALUES(1,'农作物选择');
INSERT INTO forum_tag VALUES(2,'种植经验');
INSERT INTO forum_tag VALUES(3,'智慧大棚');
CREATE TABLE IF NOT EXISTS "forum_tui" ("id" integer NOT NULL PRIMARY KEY AUTOINCREMENT, "name" varchar(100) NOT NULL);
INSERT INTO forum_tui VALUES(1,'推荐一');
INSERT INTO forum_tui VALUES(2,'推荐二');
CREATE TABLE IF NOT EXISTS "forum_comment" ("id" integer NOT NULL PRIMARY KEY AUTOINCREMENT, "comment_content" text NOT NULL, "create_time" datetime NOT NULL, "update_time" datetime NOT NULL, "is_delete" bool NOT NULL, "article_id" bigint NOT NULL REFERENCES "forum_article" ("id") DEFERRABLE INITIALLY DEFERRED, "user_id" bigint NOT NULL REFERENCES "user_useraccount" ("id") DEFERRABLE INITIALLY DEFERRED);
CREATE TABLE IF NOT EXISTS "forum_article_tags" ("id" integer NOT NULL PRIMARY KEY AUTOINCREMENT, "article_id" bigint NOT NULL REFERENCES "forum_article" ("id") DEFERRABLE INITIALLY DEFERRED, "tag_id" bigint NOT NULL REFERENCES "forum_tag" ("id") DEFERRABLE INITIALLY DEFERRED);
INSERT INTO forum_article_tags VALUES(1,1,3);
CREATE TABLE IF NOT EXISTS "forum_article" ("id" integer NOT NULL PRIMARY KEY AUTOINCREMENT, "title" varchar(70) NOT NULL, "excerpt" text NOT NULL, "img" varchar(100) NULL, "body" text NOT NULL, "views" integer unsigned NOT NULL CHECK ("views" >= 0), "created_time" datetime NOT NULL, "modified_time" datetime NOT NULL, "category_id" bigint NULL REFERENCES "forum_category" ("id") DEFERRABLE INITIALLY DEFERRED, "tui_id" bigint NULL REFERENCES "forum_tui" ("id") DEFERRABLE INITIALLY DEFERRED, "user_id" bigint NOT NULL REFERENCES "user_useraccount" ("id") DEFERRABLE INITIALLY DEFERRED);
INSERT INTO forum_article VALUES(1,'【参赛作品】智慧大棚','随着科技时代的发展，智能化系统的应用渗入各个领域，智慧大棚利用智能化系统，模拟出植物生长环境，基于OneNET平台控制大棚内对温度、湿度、火焰、可燃气体、水位，光照等进行智能监测，大棚主要由两大部分构成：一部分为智慧大棚；另一部分为露天大棚。这两部分进行鲜明对比，凸显出智慧大棚的优点。有了理论基础后，我们利用沙盘来呈现，从而更直观的了解','','<table cellspacing="0" cellpadding="0" width="999" style="width: 768px;"><tbody style="overflow-wrap: break-word; margin: 0px; padding: 0px; border: 0px; vertical-align: baseline;"><tr style="overflow-wrap: break-word; margin: 0px; padding: 0px; border: 0px; vertical-align: baseline;" class="firstRow"><td class="t_f" data-id="adf6" id="postmessage_41830" style="overflow-wrap: break-word; margin: 0px; padding: 0px; border-width: 0px; border-style: initial; border-color: initial; vertical-align: baseline; word-break: break-all;"><p><span style="font-family:宋体;overflow-wrap: break-word;"><span style="overflow-wrap: break-word; font-size: 15pt;">【个人</span></span><span style="overflow-wrap: break-word; font-size: 15pt;">/</span><span style="font-family:宋体;overflow-wrap: break-word;"><span style="overflow-wrap: break-word; font-size: 15pt;">团队介绍】：一群物联网发烧友</span></span></p><p><span style="font-family:宋体;overflow-wrap: break-word;"><span style="overflow-wrap: break-word; font-size: 15pt;">【正文】</span></span><span style="overflow-wrap: break-word; font-size: 15pt;"></span></p><p><span style="font-family:宋体;overflow-wrap: break-word;"><span style="overflow-wrap: break-word; font-size: 15pt;">简介：</span></span><span style="overflow-wrap: break-word; font-size: 15pt;"></span></p><p>随着科技时代的发展，智能化系统的应用渗入各个领域，智慧大棚利用智能化系统，模拟出植物生长环境，基于OneNET平台控制大棚内对温度、湿度、火焰、可燃气体、水位，光照等进行智能监测，大棚主要由两大部分构成：一部分为智慧大棚；另一部分为露天大棚。这两部分进行鲜明对比，凸显出智慧大棚的优点。有了理论基础后，我们利用沙盘来呈现，从而更直观的了解智能化系统。智慧大棚不仅避免造成人为因素而造成的生产损失。还能提高了农作物的产量和质量并很大一部分降低劳动成本。</p><br style="overflow-wrap: break-word;"/><p><span style="font-family:宋体;overflow-wrap: break-word;"><span style="overflow-wrap: break-word; font-size: 15pt;">功能：</span></span><span style="overflow-wrap: break-word; font-size: 15pt;"></span></p><p><span style="font-family:宋体;overflow-wrap: break-word;"><span style="overflow-wrap: break-word; font-size: 15pt;">1.</span></span><span style="font-family:宋体;overflow-wrap: break-word;"><span style="overflow-wrap: break-word; font-size: 15pt;">使用者可用网页或者手机 APP 对大棚的当前状态进行查看,同时也可以进行相应的操作。</span></span></p><p><span style="font-family:宋体;overflow-wrap: break-word;"><span style="overflow-wrap: break-word; font-size: 15pt;">2.</span></span><span style="font-family:宋体;overflow-wrap: break-word;"><span style="overflow-wrap: break-word; font-size: 15pt;">大棚内设有温度、土壤湿度、火焰、可燃气体、水位，光照传感器，通过温度传感器对大棚内温度进行可控监控，如果温度大于设定阈值，自动打开大棚散热系统进行散热；土壤传感器检测土壤的相对湿度，湿度过低灌溉系统对大棚植物进行自动灌溉；火焰以及可燃气体检测传感器，对明火和可燃气体进行实时监控，若有意外火灾触发报警系统通风系统；通水位传感器对蓄水箱内水位进行监控，水位低于设定阈值时触发报警；植物生长离不开光照，通过RGB灯我们可以给植物提供他们需要的光。</span></span></p><p><span style="font-family:宋体;overflow-wrap: break-word;"><span style="overflow-wrap: break-word; font-size: 15pt;">3.</span></span><span style="font-family:宋体;overflow-wrap: break-word;"><span style="overflow-wrap: break-word; font-size: 15pt;">通过网页或手机 app 我们可以控制散热系统散热；灌溉系统进行灌溉；控制RGB灯，提供不同颜色的光。</span></span><span style="overflow-wrap: break-word; font-size: 15pt;"></span></p><p><span style="font-family:宋体;overflow-wrap: break-word;"><span style="overflow-wrap: break-word; font-size: 15pt;">应用链接：</span></span></p><p><span style="overflow-wrap: break-word; font-size: 15pt;"></span><a href="http://open.iot.10086.cn/appview/p/beed924608398c90a052c2c0a75346ed" target="_blank" class="gj_safe_a" style="overflow-wrap: break-word; margin: 0px; padding: 0px; border: 0px; vertical-align: baseline; color: rgb(85, 85, 85);">https://open.iot.10086.cn/appview/p/beed924608398c90a052c2c0a75346ed</a></p><p><span style="font-family:宋体;overflow-wrap: break-word;"><span style="overflow-wrap: break-word; font-size: 15pt;">视频链接：</span></span></p><p><span style="overflow-wrap: break-word; font-size: 15pt;"><a href="http://v.youku.com/v_show/id_XMjgwNzg4NjkxMg==.html?from=s1.8-1-1.2&spm=a2h0k.8191407.0.0" target="_blank" class="gj_safe_a" style="overflow-wrap: break-word; margin: 0px; padding: 0px; border: 0px; vertical-align: baseline; color: rgb(85, 85, 85); font-size: 14px;">http://v.youku.com/v_show/id_XMjgwNzg4NjkxMg==.html?from=s1.8-1-1.2&amp;spm=a2h0k.8191407.0.0</a></span></p><br style="overflow-wrap: break-word;"/><p><span style="font-family:宋体;overflow-wrap: break-word;"><span style="font-size:18px;overflow-wrap: break-word;">源码下载链接：</span></span></p><p><span style="font-family:宋体;overflow-wrap: break-word;"><span style="font-size:18px;overflow-wrap: break-word;"><span style="color:#555555;overflow-wrap: break-word;">链接:&nbsp;<a href="https://pan.baidu.com/s/1kV3InlH" target="_blank" class="gj_safe_a" style="overflow-wrap: break-word; margin: 0px; padding: 0px; border: 0px; vertical-align: baseline; color: rgb(85, 85, 85); font-size: 14px;">https://pan.baidu.com/s/1kV3InlH</a>&nbsp; &nbsp; 密码: gghv</span></span></span></p><p><span style="font-family:宋体;overflow-wrap: break-word;"><span style="font-size:18px;overflow-wrap: break-word;"><span style="color:#ff8c00;overflow-wrap: break-word;"><span style="overflow-wrap: break-word; margin: 0px; padding: 0px; border: 0px; vertical-align: baseline; font-weight: 700;">复制在新页面打开！！！！</span></span></span></span></p><br style="overflow-wrap: break-word;"/><p><ignore_js_op style="overflow-wrap: break-word;"><img id="aimg_3395" aid="3395" src="http://upfiles.heclouds.com/forum-app/2017/06/06/45a773b838714c2cc02068833c0aba75.jpg" zoomfile="http://upfiles.heclouds.com/forum-app/2017/06/06/45a773b838714c2cc02068833c0aba75.jpg" file="http://upfiles.heclouds.com/forum-app/2017/06/06/45a773b838714c2cc02068833c0aba75.jpg" inpost="1" style="overflow-wrap: break-word; margin: 2px; padding: 0px; border: 0px; vertical-align: baseline; max-width: 999px;"/>&nbsp;</ignore_js_op><ignore_js_op style="overflow-wrap: break-word;"><img id="aimg_3396" aid="3396" src="http://upfiles.heclouds.com/forum-app/2017/06/06/e669514e4336aa84f6f484f6e7b2d072.jpg" zoomfile="http://upfiles.heclouds.com/forum-app/2017/06/06/e669514e4336aa84f6f484f6e7b2d072.jpg" file="http://upfiles.heclouds.com/forum-app/2017/06/06/e669514e4336aa84f6f484f6e7b2d072.jpg" inpost="1" initialized="true" style="overflow-wrap: break-word; margin: 2px; padding: 0px; border: 0px; vertical-align: baseline; max-width: 999px;"/></ignore_js_op></p><br style="overflow-wrap: break-word;"/><br style="overflow-wrap: break-word;"/></td></tr></tbody></table><p><br/></p><p class="mbn" style="overflow-wrap: break-word; margin-top: 0px; padding: 0px; border: 0px; vertical-align: baseline;"><br/><br/></p><p><img id="aimg_3398" aid="3398" src="http://upfiles.heclouds.com/forum-app/2017/06/06/d694babaab70e347007bdccfd2a81e4f.png" zoomfile="http://upfiles.heclouds.com/forum-app/2017/06/06/d694babaab70e347007bdccfd2a81e4f.png" file="http://upfiles.heclouds.com/forum-app/2017/06/06/d694babaab70e347007bdccfd2a81e4f.png" alt="4)W_B1`0$MZ{)ITJN18(%H0.png" title="4)W_B1`0$MZ{)ITJN18(%H0.png" w="556" style="overflow-wrap: break-word; margin: 2px; padding: 0px; border: 0px; vertical-align: baseline; max-width: 999px;"/></p><p><ignore_js_op style="overflow-wrap: break-word;"><ul class="tattl attm list-paddingleft-2" style="overflow-wrap: break-word; margin: 0px; padding: 10px 10px 10px 0px; border: 0px; vertical-align: baseline; float: none; overflow: visible; width: 999px; height: auto;"><li><p class="mbn" style="overflow-wrap: break-word; margin-top: 0px; padding: 0px; border: 0px; vertical-align: baseline;"><br/></p><p><img id="aimg_3399" aid="3399" src="http://upfiles.heclouds.com/forum-app/2017/06/06/e8cc391e075793a130f885dc2c1c1bb8.jpg" zoomfile="http://upfiles.heclouds.com/forum-app/2017/06/06/e8cc391e075793a130f885dc2c1c1bb8.jpg" file="http://upfiles.heclouds.com/forum-app/2017/06/06/e8cc391e075793a130f885dc2c1c1bb8.jpg" alt="IMG20170606153740.jpg" title="IMG20170606153740.jpg" w="4160" style="overflow-wrap: break-word; margin: 2px; padding: 0px; border: 0px; vertical-align: baseline; max-width: 999px;"/></p></li></ul></ignore_js_op><ignore_js_op style="overflow-wrap: break-word;"><ul class="tattl attm list-paddingleft-2" style="overflow-wrap: break-word; margin: 0px; padding: 10px 10px 10px 0px; border: 0px; vertical-align: baseline; float: none; overflow: visible; width: 999px; height: auto;"><li><p class="mbn" style="overflow-wrap: break-word; margin-top: 0px; padding: 0px; border: 0px; vertical-align: baseline;"><br/></p><p><img id="aimg_3400" aid="3400" src="http://upfiles.heclouds.com/forum-app/2017/06/06/7c3c2f8c48bb8921e13f579565f8aac0.jpg" zoomfile="http://upfiles.heclouds.com/forum-app/2017/06/06/7c3c2f8c48bb8921e13f579565f8aac0.jpg" file="http://upfiles.heclouds.com/forum-app/2017/06/06/7c3c2f8c48bb8921e13f579565f8aac0.jpg" alt="IMG20170606153825.jpg" title="IMG20170606153825.jpg" w="3120" style="overflow-wrap: break-word; margin: 2px; padding: 0px; border: 0px; vertical-align: baseline; max-width: 999px;"/></p></li></ul></ignore_js_op></p><p></p><p><br/></p>',0,'2021-05-14 09:43:26.125919','2021-05-14 09:43:26.125919',1,NULL,2);
DELETE FROM sqlite_sequence;
INSERT INTO sqlite_sequence VALUES('django_migrations',26);
INSERT INTO sqlite_sequence VALUES('django_content_type',23);
INSERT INTO sqlite_sequence VALUES('auth_permission',92);
INSERT INTO sqlite_sequence VALUES('auth_group',0);
INSERT INTO sqlite_sequence VALUES('django_admin_log',12);
INSERT INTO sqlite_sequence VALUES('monitor_device',60);
INSERT INTO sqlite_sequence VALUES('user_useraccount',5);
INSERT INTO sqlite_sequence VALUES('monitor_devicecategory',9);
INSERT INTO sqlite_sequence VALUES('monitor_environmentindicator',7);
INSERT INTO sqlite_sequence VALUES('monitor_greenhouse',9);
INSERT INTO sqlite_sequence VALUES('monitor_environmentdata',132);
INSERT INTO sqlite_sequence VALUES('controller_bookcontrol',8);
INSERT INTO sqlite_sequence VALUES('controller_deviceorder',72);
INSERT INTO sqlite_sequence VALUES('controller_devicecontrol',24);
INSERT INTO sqlite_sequence VALUES('controller_controlhistory',3);
INSERT INTO sqlite_sequence VALUES('controller_timercontrol',8);
INSERT INTO sqlite_sequence VALUES('controller_thresholdcontrol',11);
INSERT INTO sqlite_sequence VALUES('forum_article',1);
INSERT INTO sqlite_sequence VALUES('forum_banner',3);
INSERT INTO sqlite_sequence VALUES('forum_category',2);
INSERT INTO sqlite_sequence VALUES('forum_tag',3);
INSERT INTO sqlite_sequence VALUES('forum_tui',2);
INSERT INTO sqlite_sequence VALUES('forum_article_tags',1);
CREATE UNIQUE INDEX "django_content_type_app_label_model_76bd3d3b_uniq" ON "django_content_type" ("app_label", "model");
CREATE UNIQUE INDEX "auth_group_permissions_group_id_permission_id_0cd325b0_uniq" ON "auth_group_permissions" ("group_id", "permission_id");
CREATE INDEX "auth_group_permissions_group_id_b120cbf9" ON "auth_group_permissions" ("group_id");
CREATE INDEX "auth_group_permissions_permission_id_84c5c92e" ON "auth_group_permissions" ("permission_id");
CREATE UNIQUE INDEX "auth_permission_content_type_id_codename_01ab375a_uniq" ON "auth_permission" ("content_type_id", "codename");
CREATE INDEX "auth_permission_content_type_id_2f476e4b" ON "auth_permission" ("content_type_id");
CREATE UNIQUE INDEX "user_useraccount_groups_useraccount_id_group_id_ba2d9637_uniq" ON "user_useraccount_groups" ("useraccount_id", "group_id");
CREATE INDEX "user_useraccount_groups_useraccount_id_9784fa3e" ON "user_useraccount_groups" ("useraccount_id");
CREATE INDEX "user_useraccount_groups_group_id_4ce6c571" ON "user_useraccount_groups" ("group_id");
CREATE UNIQUE INDEX "user_useraccount_user_permissions_useraccount_id_permission_id_ba82c04f_uniq" ON "user_useraccount_user_permissions" ("useraccount_id", "permission_id");
CREATE INDEX "user_useraccount_user_permissions_useraccount_id_8f039e10" ON "user_useraccount_user_permissions" ("useraccount_id");
CREATE INDEX "user_useraccount_user_permissions_permission_id_24370196" ON "user_useraccount_user_permissions" ("permission_id");
CREATE INDEX "django_admin_log_content_type_id_c4bce8eb" ON "django_admin_log" ("content_type_id");
CREATE INDEX "django_admin_log_user_id_c564eba6" ON "django_admin_log" ("user_id");
CREATE INDEX "monitor_environmentdata_device_id_d922c2a5" ON "monitor_environmentdata" ("device_id");
CREATE INDEX "monitor_environmentdata_indicator_id_a2dd58fd" ON "monitor_environmentdata" ("indicator_id");
CREATE INDEX "monitor_device_category_id_49234b48" ON "monitor_device" ("category_id");
CREATE INDEX "monitor_device_greenhouse_id_21e85bf1" ON "monitor_device" ("greenhouse_id");
CREATE INDEX "django_session_expire_date_a5c62663" ON "django_session" ("expire_date");
CREATE INDEX "controller_deviceorder_device_id_9bc58118" ON "controller_deviceorder" ("device_id");
CREATE INDEX "controller_bookcontrol_device_id_42c4ee77" ON "controller_bookcontrol" ("device_id");
CREATE INDEX "controller_bookcontrol_order_id_66939014" ON "controller_bookcontrol" ("order_id");
CREATE INDEX "controller_devicecontrol_device_id_bc4a5e12" ON "controller_devicecontrol" ("device_id");
CREATE INDEX "controller_controlhistory_device_id_1395e13a" ON "controller_controlhistory" ("device_id");
CREATE INDEX "controller_controlhistory_order_id_1dfd0697" ON "controller_controlhistory" ("order_id");
CREATE INDEX "controller_timercontrol_device_id_c503b215" ON "controller_timercontrol" ("device_id");
CREATE INDEX "controller_timercontrol_order_id_467a8c24" ON "controller_timercontrol" ("order_id");
CREATE INDEX "controller_thresholdcontrol_indicator_id_c5eefc2d" ON "controller_thresholdcontrol" ("indicator_id");
CREATE INDEX "controller_thresholdcontrol_order_id_fb3f5465" ON "controller_thresholdcontrol" ("order_id");
CREATE INDEX "controller_thresholdcontrol_device_id_fdb08701" ON "controller_thresholdcontrol" ("device_id");
CREATE INDEX "forum_comment_article_id_b032bdce" ON "forum_comment" ("article_id");
CREATE INDEX "forum_comment_user_id_ee1c4b93" ON "forum_comment" ("user_id");
CREATE UNIQUE INDEX "forum_article_tags_article_id_tag_id_fae0664e_uniq" ON "forum_article_tags" ("article_id", "tag_id");
CREATE INDEX "forum_article_tags_article_id_494706c5" ON "forum_article_tags" ("article_id");
CREATE INDEX "forum_article_tags_tag_id_a35fb9de" ON "forum_article_tags" ("tag_id");
CREATE INDEX "forum_article_category_id_2ae80cd3" ON "forum_article" ("category_id");
CREATE INDEX "forum_article_tui_id_e1d938c6" ON "forum_article" ("tui_id");
CREATE INDEX "forum_article_user_id_5eb224db" ON "forum_article" ("user_id");
COMMIT;
